file,class,source
cell_001.jpg,neutrophil,SNE_280927.jpg
cell_002.jpg,neutrophil,SNE_433684.jpg
cell_003.jpg,neutrophil,SNE_360421.jpg
cell_004.jpg,neutrophil,BNE_592314.jpg
cell_005.jpg,neutrophil,SNE_4845.jpg
cell_006.jpg,neutrophil,SNE_871314.jpg
cell_007.jpg,lymphocyte,LY_476874.jpg
cell_008.jpg,neutrophil,SNE_915927.jpg
cell_009.jpg,erythroblast,ERB_42781.jpg
cell_010.jpg,lymphocyte,LY_95212.jpg
cell_011.jpg,neutrophil,BNE_32331.jpg
cell_012.jpg,monocyte,MO_264258.jpg
cell_013.jpg,eosinophil,EO_378108.jpg
cell_014.jpg,immature_granulocyte,MMY_830457.jpg
cell_015.jpg,basophil,BA_289279.jpg
cell_016.jpg,lymphocyte,LY_680999.jpg
cell_017.jpg,lymphocyte,LY_908757.jpg
cell_018.jpg,neutrophil,BNE_779628.jpg
cell_019.jpg,neutrophil,SNE_663700.jpg
cell_020.jpg,monocyte,MO_573622.jpg
cell_021.jpg,neutrophil,BNE_340725.jpg
cell_022.jpg,neutrophil,BNE_470906.jpg
cell_023.jpg,monocyte,MO_830074.jpg
cell_024.jpg,lymphocyte,LY_90345.jpg
cell_025.jpg,neutrophil,SNE_770745.jpg
cell_026.jpg,neutrophil,SNE_308219.jpg
cell_027.jpg,neutrophil,BNE_844957.jpg
cell_028.jpg,neutrophil,SNE_319081.jpg
cell_029.jpg,neutrophil,BNE_379446.jpg
cell_030.jpg,neutrophil,BNE_556740.jpg
cell_031.jpg,lymphocyte,LY_884557.jpg
cell_032.jpg,lymphocyte,LY_305468.jpg
cell_033.jpg,lymphocyte,LY_421662.jpg
cell_034.jpg,neutrophil,SNE_485828.jpg
cell_035.jpg,lymphocyte,LY_796625.jpg
cell_036.jpg,monocyte,MO_87252.jpg
cell_037.jpg,immature_granulocyte,MY_210999.jpg
cell_038.jpg,neutrophil,BNE_282906.jpg
cell_039.jpg,neutrophil,SNE_333737.jpg
cell_040.jpg,neutrophil,BNE_864540.jpg
cell_041.jpg,neutrophil,BNE_782010.jpg
cell_042.jpg,monocyte,MO_586452.jpg
cell_043.jpg,neutrophil,BNE_752441.jpg
cell_044.jpg,lymphocyte,LY_268736.jpg
cell_045.jpg,lymphocyte,LY_742481.jpg
cell_046.jpg,neutrophil,BNE_322820.jpg
cell_047.jpg,neutrophil,SNE_189684.jpg
cell_048.jpg,eosinophil,EO_960805.jpg
cell_049.jpg,lymphocyte,LY_733068.jpg
cell_050.jpg,lymphocyte,LY_373928.jpg
cell_051.jpg,neutrophil,SNE_287238.jpg
cell_052.jpg,neutrophil,SNE_763893.jpg
cell_053.jpg,neutrophil,BNE_229500.jpg
cell_054.jpg,eosinophil,EO_312702.jpg
cell_055.jpg,lymphocyte,LY_644505.jpg
cell_056.jpg,neutrophil,BNE_120960.jpg
cell_057.jpg,neutrophil,BNE_426453.jpg
cell_058.jpg,lymphocyte,LY_360969.jpg
cell_059.jpg,lymphocyte,LY_227964.jpg
cell_060.jpg,neutrophil,BNE_499604.jpg
cell_061.jpg,lymphocyte,LY_872921.jpg
cell_062.jpg,lymphocyte,LY_273418.jpg
cell_063.jpg,lymphocyte,LY_118333.jpg
cell_064.jpg,neutrophil,SNE_416285.jpg
cell_065.jpg,monocyte,MO_792755.jpg
cell_066.jpg,erythroblast,ERB_242525.jpg
cell_067.jpg,immature_granulocyte,MMY_94277.jpg
cell_068.jpg,lymphocyte,LY_545090.jpg
cell_069.jpg,neutrophil,SNE_187967.jpg
cell_070.jpg,neutrophil,BNE_301347.jpg
cell_071.jpg,neutrophil,BNE_525705.jpg
cell_072.jpg,neutrophil,SNE_200666.jpg
cell_073.jpg,neutrophil,SNE_911200.jpg
cell_074.jpg,neutrophil,SNE_66862.jpg
cell_075.jpg,lymphocyte,LY_124409.jpg
cell_076.jpg,neutrophil,BNE_519229.jpg
cell_077.jpg,neutrophil,SNE_530476.jpg
cell_078.jpg,erythroblast,ERB_422942.jpg
cell_079.jpg,neutrophil,NEUTROPHIL_408557.jpg
cell_080.jpg,neutrophil,SNE_338117.jpg
cell_081.jpg,neutrophil,BNE_285800.jpg
cell_082.jpg,neutrophil,BNE_44875.jpg
cell_083.jpg,neutrophil,SNE_205547.jpg
cell_084.jpg,neutrophil,BNE_846661.jpg
cell_085.jpg,neutrophil,BNE_277387.jpg
cell_086.jpg,neutrophil,BNE_730904.jpg
cell_087.jpg,lymphocyte,LY_759328.jpg
cell_088.jpg,lymphocyte,LY_23375.jpg
cell_089.jpg,neutrophil,BNE_436110.jpg
cell_090.jpg,neutrophil,SNE_292321.jpg
cell_091.jpg,lymphocyte,LY_900078.jpg
cell_092.jpg,lymphocyte,LY_200436.jpg
cell_093.jpg,neutrophil,SNE_211465.jpg
cell_094.jpg,neutrophil,SNE_123419.jpg
cell_095.jpg,neutrophil,SNE_70096.jpg
cell_096.jpg,neutrophil,SNE_57295.jpg
cell_097.jpg,lymphocyte,LY_272907.jpg
cell_098.jpg,immature_granulocyte,MY_825485.jpg
cell_099.jpg,neutrophil,SNE_732862.jpg
cell_100.jpg,neutrophil,NEUTROPHIL_517556.jpg
cell_101.jpg,lymphocyte,LY_411816.jpg
cell_102.jpg,lymphocyte,LY_502223.jpg
cell_103.jpg,neutrophil,SNE_526872.jpg
cell_104.jpg,monocyte,MO_774513.jpg
cell_105.jpg,neutrophil,BNE_54463.jpg
cell_106.jpg,neutrophil,BNE_46642.jpg
cell_107.jpg,lymphocyte,LY_700280.jpg
cell_108.jpg,eosinophil,EO_909845.jpg
cell_109.jpg,lymphocyte,LY_828205.jpg
cell_110.jpg,neutrophil,BNE_477641.jpg
cell_111.jpg,neutrophil,SNE_153589.jpg
cell_112.jpg,neutrophil,BNE_823036.jpg
cell_113.jpg,lymphocyte,LY_177713.jpg
cell_114.jpg,neutrophil,BNE_365484.jpg
cell_115.jpg,neutrophil,BNE_346149.jpg
cell_116.jpg,lymphocyte,LY_703831.jpg
cell_117.jpg,neutrophil,BNE_158778.jpg
cell_118.jpg,neutrophil,BNE_136823.jpg
cell_119.jpg,lymphocyte,LY_712475.jpg
cell_120.jpg,neutrophil,SNE_783159.jpg
